CREATE DATABASE  IF NOT EXISTS `noiseship` /*!40100 DEFAULT CHARACTER SET utf8 */;
USE `noiseship`;
-- MySQL dump 10.13  Distrib 5.7.9, for Win32 (AMD64)
--
-- Host: localhost    Database: noiseship
-- ------------------------------------------------------
-- Server version	5.7.11-log

/*!40101 SET @OLD_CHARACTER_SET_CLIENT=@@CHARACTER_SET_CLIENT */;
/*!40101 SET @OLD_CHARACTER_SET_RESULTS=@@CHARACTER_SET_RESULTS */;
/*!40101 SET @OLD_COLLATION_CONNECTION=@@COLLATION_CONNECTION */;
/*!40101 SET NAMES utf8 */;
/*!40103 SET @OLD_TIME_ZONE=@@TIME_ZONE */;
/*!40103 SET TIME_ZONE='+00:00' */;
/*!40014 SET @OLD_UNIQUE_CHECKS=@@UNIQUE_CHECKS, UNIQUE_CHECKS=0 */;
/*!40014 SET @OLD_FOREIGN_KEY_CHECKS=@@FOREIGN_KEY_CHECKS, FOREIGN_KEY_CHECKS=0 */;
/*!40101 SET @OLD_SQL_MODE=@@SQL_MODE, SQL_MODE='NO_AUTO_VALUE_ON_ZERO' */;
/*!40111 SET @OLD_SQL_NOTES=@@SQL_NOTES, SQL_NOTES=0 */;

--
-- Table structure for table `barcos`
--

DROP TABLE IF EXISTS `barcos`;
/*!40101 SET @saved_cs_client     = @@character_set_client */;
/*!40101 SET character_set_client = utf8 */;
CREATE TABLE `barcos` (
  `ID_barco` int(11) NOT NULL,
  `Nome` varchar(45) DEFAULT NULL,
  `Tipo` varchar(45) DEFAULT NULL,
  PRIMARY KEY (`ID_barco`),
  UNIQUE KEY `ID_barco_UNIQUE` (`ID_barco`)
) ENGINE=InnoDB DEFAULT CHARSET=utf8;
/*!40101 SET character_set_client = @saved_cs_client */;

--
-- Dumping data for table `barcos`
--

LOCK TABLES `barcos` WRITE;
/*!40000 ALTER TABLE `barcos` DISABLE KEYS */;
INSERT INTO `barcos` VALUES (1,'olha','1'),(2,'farob','2'),(3,'golden','1'),(4,'Titanic','2');
/*!40000 ALTER TABLE `barcos` ENABLE KEYS */;
UNLOCK TABLES;

--
-- Table structure for table `camadas`
--

DROP TABLE IF EXISTS `camadas`;
/*!40101 SET @saved_cs_client     = @@character_set_client */;
/*!40101 SET character_set_client = utf8 */;
CREATE TABLE `camadas` (
  `ID_Superficie` int(11) NOT NULL,
  `frequencia` varchar(10) NOT NULL,
  `path` varchar(45) DEFAULT NULL,
  PRIMARY KEY (`ID_Superficie`,`frequencia`)
) ENGINE=InnoDB DEFAULT CHARSET=utf8;
/*!40101 SET character_set_client = @saved_cs_client */;

--
-- Dumping data for table `camadas`
--

LOCK TABLES `camadas` WRITE;
/*!40000 ALTER TABLE `camadas` DISABLE KEYS */;
INSERT INTO `camadas` VALUES (1,'1','www1'),(2,'1','ww2');
/*!40000 ALTER TABLE `camadas` ENABLE KEYS */;
UNLOCK TABLES;

--
-- Table structure for table `embarcaoes_subreficie`
--

DROP TABLE IF EXISTS `embarcaoes_subreficie`;
/*!40101 SET @saved_cs_client     = @@character_set_client */;
/*!40101 SET character_set_client = utf8 */;
CREATE TABLE `embarcaoes_subreficie` (
  `ID_barco` int(11) NOT NULL,
  `IDSubreficie` int(11) NOT NULL,
  `Velocidade` int(11) DEFAULT NULL,
  `localizacao` varchar(45) DEFAULT NULL,
  `idRota` varchar(45) DEFAULT NULL,
  PRIMARY KEY (`ID_barco`,`IDSubreficie`)
) ENGINE=InnoDB DEFAULT CHARSET=utf8;
/*!40101 SET character_set_client = @saved_cs_client */;

--
-- Dumping data for table `embarcaoes_subreficie`
--

LOCK TABLES `embarcaoes_subreficie` WRITE;
/*!40000 ALTER TABLE `embarcaoes_subreficie` DISABLE KEYS */;
INSERT INTO `embarcaoes_subreficie` VALUES (1,1,100,'ff','12'),(1,3,111,'sss','12'),(2,1,111,'df','111'),(4,1,11,'fff','55');
/*!40000 ALTER TABLE `embarcaoes_subreficie` ENABLE KEYS */;
UNLOCK TABLES;

--
-- Table structure for table `faqs`
--

DROP TABLE IF EXISTS `faqs`;
/*!40101 SET @saved_cs_client     = @@character_set_client */;
/*!40101 SET character_set_client = utf8 */;
CREATE TABLE `faqs` (
  `id` int(11) NOT NULL,
  `pergunta` varchar(300) DEFAULT NULL,
  `resposta` text,
  `lingua` varchar(30) DEFAULT NULL,
  PRIMARY KEY (`id`)
) ENGINE=InnoDB DEFAULT CHARSET=utf8;
/*!40101 SET character_set_client = @saved_cs_client */;

--
-- Dumping data for table `faqs`
--

LOCK TABLES `faqs` WRITE;
/*!40000 ALTER TABLE `faqs` DISABLE KEYS */;
INSERT INTO `faqs` VALUES (1,'O que é o ShippingNoise.com ?','Esta página mostra resultados de um modelo dos níveis de ruído subaquático gerado pelo tráfego marítimo - designado por ruído naval. O ruído naval é uma de diversas formas de introdução de ruído no meio marinho.','portugues'),(2,'Porque razão foi criada esta página?','O objectivo é mostrar a contribuição do tráfego marítimo para o nível de ruído subaquático em larga escala, o qual, hoje em dia, se apresenta como uma forma de poluição crónica nos oceanos. O ruído subaquático tem sido objecto de diversos estudos com respeito aos efeitos sobre a fauna marinha. Este sítio não mostra medidas directas de ruído. Os dados mostrados são obtidos através de um modelo computacional de propagação acústica. Devido à dificuldade prática de obter medidas directas nestas escalas espaciais estes resultados podem ser utilizados como boa aproximação, em complemento a medidas directas.','portugues'),(3,'What is ShippingNoise.com ?','This site shows modelled level of underwater noise generated by large shipping traffic - the so called shipping noise. Shipping is one of many ways to introduce man made noise into the marine environment.','ingles'),(4,'Why did you create this site ?','Our objective is to show the contribution of shipping to the antropogenic (man made) underwater noise level, which is a chronic form of polluting our oceans today. Underwater noise has been the topic of various studies with respect to the effects on marine life. This site does by no way show actual in-situ measurements. Data is obtained from an underwater acoustic model, however due to the notorious dificulty in performing actual measurements it can be used as an aproximation.','ingles');
/*!40000 ALTER TABLE `faqs` ENABLE KEYS */;
UNLOCK TABLES;

--
-- Table structure for table `linguas`
--

DROP TABLE IF EXISTS `linguas`;
/*!40101 SET @saved_cs_client     = @@character_set_client */;
/*!40101 SET character_set_client = utf8 */;
CREATE TABLE `linguas` (
  `Lingua` varchar(30) NOT NULL,
  PRIMARY KEY (`Lingua`)
) ENGINE=InnoDB DEFAULT CHARSET=utf8;
/*!40101 SET character_set_client = @saved_cs_client */;

--
-- Dumping data for table `linguas`
--

LOCK TABLES `linguas` WRITE;
/*!40000 ALTER TABLE `linguas` DISABLE KEYS */;
INSERT INTO `linguas` VALUES ('ingles'),('portugues');
/*!40000 ALTER TABLE `linguas` ENABLE KEYS */;
UNLOCK TABLES;

--
-- Table structure for table `superficie`
--

DROP TABLE IF EXISTS `superficie`;
/*!40101 SET @saved_cs_client     = @@character_set_client */;
/*!40101 SET character_set_client = utf8 */;
CREATE TABLE `superficie` (
  `ID_superficie` int(11) NOT NULL,
  `TimeStamp` datetime DEFAULT NULL,
  `Zona` varchar(20) DEFAULT NULL,
  `url` varchar(200) DEFAULT NULL,
  `tipo` varchar(20) NOT NULL DEFAULT 'map',
  PRIMARY KEY (`ID_superficie`),
  KEY `fk_Subreficie_Zona_idx` (`Zona`),
  CONSTRAINT `fk_Subreficie_Zona` FOREIGN KEY (`Zona`) REFERENCES `zona` (`NomeZona`) ON DELETE NO ACTION ON UPDATE NO ACTION
) ENGINE=InnoDB DEFAULT CHARSET=utf8;
/*!40101 SET character_set_client = @saved_cs_client */;

--
-- Dumping data for table `superficie`
--

LOCK TABLES `superficie` WRITE;
/*!40000 ALTER TABLE `superficie` DISABLE KEYS */;
INSERT INTO `superficie` VALUES (1,'2000-01-01 00:00:00','portugal','www.imagem1','map'),(2,'2000-01-01 00:00:00','espanha','www.imagem2','map'),(3,'2001-01-01 00:00:00','espanha','www3','map'),(4,'2001-01-01 00:00:00','portugal','ww4','map'),(5,'2002-01-01 00:00:00','portugal','ww5','map'),(6,'2002-01-01 00:00:00','espanha','ww6','map'),(7,'2003-01-01 00:00:00','portugal','ww7','map'),(8,'2003-01-01 00:00:00','espanha','ww8','map'),(9,'2017-01-01 00:00:00','PortugalSW','portugalmap.png','map'),(10,'2017-01-01 00:00:00','PortugalSW','portugalp05.png','p05'),(11,'2017-01-01 00:00:00','PortugalSW','portugalp95.png','p95'),(12,'2017-01-01 00:00:00','PortugalSW','portugalsel7.png','sel7'),(13,'2017-01-01 00:00:00','Spain','espanhamap.png','map'),(14,'2017-01-01 00:00:00','Spain','espanhap05.png','p05'),(15,'2017-01-01 00:00:00','Spain','espanhap95.png','p95'),(16,'2017-01-01 00:00:00','Spain','espanhasel7.png','sel7'),(17,'2010-01-01 00:00:00','Spain','e1.png','map'),(18,'2010-01-01 00:00:10','Spain','e2.png','map'),(19,'2010-01-01 00:00:20','Spain','e3.png','map'),(20,'2010-01-01 00:00:30','Spain','e4.png','map'),(21,'2010-01-01 00:00:40','Spain','e5.png','map'),(22,'2010-01-01 00:00:00','PortugalSW','p1.png','map'),(23,'2010-01-01 00:00:10','PortugalSW','p2.png','map'),(24,'2010-01-01 00:00:20','PortugalSW','p3.png','map'),(25,'2010-01-01 00:00:30','PortugalSW','p4.png','map'),(26,'2010-01-01 00:00:40','PortugalSW','p5.png','map');
/*!40000 ALTER TABLE `superficie` ENABLE KEYS */;
UNLOCK TABLES;

--
-- Table structure for table `tipo_superficie`
--

DROP TABLE IF EXISTS `tipo_superficie`;
/*!40101 SET @saved_cs_client     = @@character_set_client */;
/*!40101 SET character_set_client = utf8 */;
CREATE TABLE `tipo_superficie` (
  `Nome` varchar(20) NOT NULL,
  PRIMARY KEY (`Nome`),
  UNIQUE KEY `Nome_UNIQUE` (`Nome`)
) ENGINE=InnoDB DEFAULT CHARSET=utf8;
/*!40101 SET character_set_client = @saved_cs_client */;

--
-- Dumping data for table `tipo_superficie`
--

LOCK TABLES `tipo_superficie` WRITE;
/*!40000 ALTER TABLE `tipo_superficie` DISABLE KEYS */;
INSERT INTO `tipo_superficie` VALUES ('map'),('p05'),('p95'),('self7');
/*!40000 ALTER TABLE `tipo_superficie` ENABLE KEYS */;
UNLOCK TABLES;

--
-- Table structure for table `zona`
--

DROP TABLE IF EXISTS `zona`;
/*!40101 SET @saved_cs_client     = @@character_set_client */;
/*!40101 SET character_set_client = utf8 */;
CREATE TABLE `zona` (
  `NomeZona` varchar(20) NOT NULL,
  `BoundSW` varchar(50) DEFAULT NULL,
  `BoundNE` varchar(50) DEFAULT NULL,
  `Bounds` varchar(50) DEFAULT NULL,
  PRIMARY KEY (`NomeZona`)
) ENGINE=InnoDB DEFAULT CHARSET=utf8;
/*!40101 SET character_set_client = @saved_cs_client */;

--
-- Dumping data for table `zona`
--

LOCK TABLES `zona` WRITE;
/*!40000 ALTER TABLE `zona` DISABLE KEYS */;
INSERT INTO `zona` VALUES ('espanha','34','34','bespanha'),('inglaterra','22','21','bing'),('LaManche','(49.0, -1.0)','(52.0,4.0)','[[49.0,-1.0],[52.0,4.0]]'),('PelagosFrance','(41.28333, 6.16667)','(43.76333,10.246667)','[[41.28333,6.16667],[43.76333,10.246667]]'),('portugal','12','12','bport'),('PortugalSW','(36.31, -11.0)','(39.35,-7.48)','[[36.31,-11.0],[39.35,-7.48]]'),('Spain','(39.0, 0)','(42.0, 4.0)','[[39.0,0],[42.0,4.0]]');
/*!40000 ALTER TABLE `zona` ENABLE KEYS */;
UNLOCK TABLES;
/*!40103 SET TIME_ZONE=@OLD_TIME_ZONE */;

/*!40101 SET SQL_MODE=@OLD_SQL_MODE */;
/*!40014 SET FOREIGN_KEY_CHECKS=@OLD_FOREIGN_KEY_CHECKS */;
/*!40014 SET UNIQUE_CHECKS=@OLD_UNIQUE_CHECKS */;
/*!40101 SET CHARACTER_SET_CLIENT=@OLD_CHARACTER_SET_CLIENT */;
/*!40101 SET CHARACTER_SET_RESULTS=@OLD_CHARACTER_SET_RESULTS */;
/*!40101 SET COLLATION_CONNECTION=@OLD_COLLATION_CONNECTION */;
/*!40111 SET SQL_NOTES=@OLD_SQL_NOTES */;

-- Dump completed on 2017-05-20 17:31:18
